{"cameraMode":{"drawMode":0,"name":"Shaded","section":"Shading Mode"},"sceneLighting":true,"audioPlay":false,"sceneViewState":{"showFog":true,"showMaterialUpdate":true,"showSkybox":true,"showFlares":true,"showImageEffects":true,"showParticleSystems":true,"showVisualEffectGraphs":true,"m_FxEnabled":true},"in2DMode":false,"pivot":{"x":3.4591715335845949,"y":4.1746320724487309,"z":10.111867904663086},"rotation":{"x":0.022890545427799226,"y":0.9716386795043945,"z":-0.10718299448490143,"w":0.20983204245567323},"size":1.0228931903839112,"orthographic":false}