{"cameraMode":{"drawMode":0,"name":"Shaded","section":"Shading Mode"},"sceneLighting":true,"audioPlay":false,"sceneViewState":{"showFog":true,"showMaterialUpdate":true,"showSkybox":true,"showFlares":true,"showImageEffects":true,"showParticleSystems":true,"showVisualEffectGraphs":true,"m_FxEnabled":true},"in2DMode":false,"pivot":{"x":-7.634939193725586,"y":0.4294397532939911,"z":-13.382004737854004},"rotation":{"x":-0.11138409376144409,"y":-0.3949446380138397,"z":0.048584189265966418,"w":-0.9106937050819397},"size":1.0228931903839112,"orthographic":false}