{"cameraMode":{"drawMode":0,"name":"Shaded","section":"Shading Mode"},"sceneLighting":true,"audioPlay":false,"sceneViewState":{"showFog":true,"showMaterialUpdate":true,"showSkybox":true,"showFlares":true,"showImageEffects":true,"showParticleSystems":true,"showVisualEffectGraphs":true,"m_FxEnabled":true},"in2DMode":false,"pivot":{"x":18.645687103271486,"y":0.9216888546943665,"z":23.470678329467775},"rotation":{"x":0.0779750794172287,"y":-0.2117629051208496,"z":0.016669372096657754,"w":0.9741626381874085},"size":2.935882091522217,"orthographic":false}