{"cameraMode":{"drawMode":0,"name":"Shaded","section":"Shading Mode"},"sceneLighting":true,"audioPlay":false,"sceneViewState":{"showFog":true,"showMaterialUpdate":true,"showSkybox":true,"showFlares":true,"showImageEffects":true,"showParticleSystems":true,"showVisualEffectGraphs":true,"m_FxEnabled":true},"in2DMode":false,"pivot":{"x":32.46538543701172,"y":1.409666895866394,"z":24.97488021850586},"rotation":{"x":0.006836617831140757,"y":-0.6962248682975769,"z":0.0063229575753211979,"w":0.7178051471710205},"size":3.535881996154785,"orthographic":false}