{"cameraMode":{"drawMode":0,"name":"Shaded","section":"Shading Mode"},"sceneLighting":true,"audioPlay":false,"sceneViewState":{"showFog":true,"showMaterialUpdate":true,"showSkybox":true,"showFlares":true,"showImageEffects":true,"showParticleSystems":true,"showVisualEffectGraphs":true,"m_FxEnabled":true},"in2DMode":false,"pivot":{"x":37.53956985473633,"y":1.365761399269104,"z":21.069425582885743},"rotation":{"x":0.017081409692764283,"y":0.7285046577453613,"z":0.018512079492211343,"w":-0.6846392154693604},"size":0.9670796394348145,"orthographic":false}